profile id;#friends;#following;#community;age;#postshared;#urlshared;#photos/videos;fpurls;fpphotos/videos;avgcomment/post;likes/post;tags/post;#tags/post;Label
1;39;300;907.0;200.0;1000.0;850.0;922.0;0.85;0.922;56.0;47.0;40.0;14.0;1.0
2;150;350;30.0;300.0;300.0;100.0;290.0;0.333;0.967;5.0;12.0;10.0;4.0;0.0
3;300;450;50.0;465.0;500.0;150.0;450.0;0.3;0.9;4.0;15.0;15.0;7.0;0.0
4;25;110;660.0;350.0;2050.0;2000.0;2050.0;0.976;1.0;7.0;3.0;54.0;21.0;1.0
5;24;100;150.0;800.0;950.0;1000.0;900.0;1.053;0.947;66.0;5.0;55.0;20.0;1.0
6;562;350;55.0;650.0;450.0;250.0;900.0;0.556;2.0;42.0;22.0;15.0;10.0;0.0
7;662;454;22.0;764.0;365.0;100.0;1000.0;0.274;2.74;31.0;25.0;23.0;10.0;0.0
8;50;100;700.0;350.0;2512.0;2000.0;2400.0;0.796;0.955;77.0;32.0;58.0;32.0;1.0
9;800;550;66.0;850.0;460.0;500.0;300.0;1.087;0.652;4.0;2.0;23.0;10.0;0.0
10;605;555;58.0;782.0;700.0;100.0;650.0;0.143;0.929;24.0;28.0;13.0;5.0;0.0
11;1005;380;13.0;1250.0;561.0;132.0;530.0;0.235;0.945;1.0;16.0;16.0;4.0;0.0
12;1632;560;84.0;651.0;1006.0;87.0;760.0;0.086;0.755;46.0;19.0;35.0;12.0;0.0
13;2461;643;63.0;1523.0;756.0;123.0;713.0;0.163;0.943;46.0;28.0;13.0;17.0;0.0
14;561;312;46.0;625.0;326.0;65.0;300.0;0.199;0.92;35.0;23.0;32.0;15.0;0.0
15;1143;426;86.0;956.0;558.0;56.0;500.0;0.1;0.896;24.0;21.0;15.0;19.0;0.0
16;784;466;46.0;423.0;326.0;32.0;300.0;0.098;0.92;26.0;25.0;18.0;12.0;0.0
17;146;56;13.0;125.0;76.0;23.0;65.0;0.303;0.855;35.0;13.0;19.0;19.0;0.0
18;894;465;123.0;565.0;420.0;63.0;400.0;0.15;0.952;482.0;1.0;25.0;11.0;0.0
19;463;143;32.0;421.0;186.0;50.0;168.0;0.269;0.903;38.0;14.0;23.0;16.0;0.0
20;1164;786;46.0;864.0;546.0;95.0;500.0;0.174;0.916;36.0;15.0;29.0;13.0;0.0
21;265;165;26.0;410.0;130.0;25.0;115.0;0.192;0.885;32.0;19.0;26.0;14.0;0.0
22;632;164;29.0;476.0;331.0;46.0;302.0;0.139;0.912;41.0;8.0;27.0;15.0;0.0
23;789;652;56.0;432.0;187.0;46.0;176.0;0.246;0.941;57.0;7.0;29.0;13.0;0.0
24;146;138;13.0;269.0;138.0;24.0;200.0;0.174;1.449;38.0;13.0;27.0;19.0;0.0
25;864;975;78.0;366.0;214.0;75.0;187.0;0.35;0.874;33.0;14.0;19.0;18.0;0.0
26;1112;1234;96.0;846.0;364.0;105.0;300.0;0.288;0.824;44.0;19.0;23.0;17.0;0.0
27;1147;1232;87.0;961.0;226.0;42.0;202.0;0.186;0.894;22.0;15.0;22.0;19.0;0.0
28;1135;1542;97.0;511.0;444.0;35.0;394.0;0.079;0.887;32.0;16.0;16.0;11.0;0.0
29;2311;1666;54.0;964.0;555.0;78.0;500.0;0.141;0.901;22.0;11.0;36.0;6.0;0.0
30;1231;1164;88.0;642.0;554.0;32.0;522.0;0.058;0.942;21.0;9.0;33.0;10.0;0.0
31;1133;1124;33.0;1532.0;789.0;123.0;700.0;0.156;0.887;13.0;8.0;35.0;11.0;0.0
32;2321;1532;53.0;964.0;884.0;112.0;822.0;0.127;0.93;25.0;7.0;33.0;16.0;0.0
33;2862;2645;66.0;1523.0;562.0;85.0;550.0;0.151;0.979;16.0;6.0;22.0;29.0;0.0
34;460;323;36.0;1724.0;773.0;99.0;723.0;0.128;0.935;32.0;19.0;13.0;23.0;0.0
35;1386;1245;48.0;1894.0;886.0;84.0;840.0;0.095;0.948;13.0;14.0;18.0;18.0;0.0
36;2678;1648;66.0;1947.0;1231.0;66.0;1160.0;0.054;0.942;364.0;2.0;33.0;15.0;0.0
37;2216;1894;51.0;2697.0;1226.0;49.0;956.0;0.04;0.78;268.0;21.0;35.0;14.0;0.0
38;2649;2131;25.0;2246.0;1500.0;46.0;1463.0;0.031;0.975;21.0;16.0;26.0;13.0;0.0
39;2134;2364;33.0;2164.0;1700.0;68.0;1532.0;0.04;0.901;22.0;18.0;21.0;11.0;0.0
40;1123;1150;115.0;2246.0;1460.0;56.0;1163.0;0.038;0.797;33.0;11.0;22.0;5.0;0.0
41;1009;1123;32.0;1423.0;1112.0;36.0;635.0;0.032;0.571;321.0;188.0;36.0;4.0;0.0
42;1100;1356;49.0;1200.0;800.0;24.0;750.0;0.03;0.938;213.0;14.0;24.0;9.0;0.0
43;149;153;26.0;264.0;108.0;28.0;99.0;0.259;0.917;13.0;16.0;11.0;11.0;0.0
44;1489;1009;45.0;365.0;321.0;58.0;300.0;0.181;0.935;18.0;18.0;14.0;13.0;0.0
45;1444;1564;63.0;225.0;210.0;21.0;210.0;0.1;1.0;11.0;13.0;23.0;16.0;0.0
46;1563;1142;31.0;606.0;521.0;55.0;500.0;0.106;0.96;9.0;99.0;19.0;13.0;0.0
47;2120;2130;39.0;753.0;650.0;85.0;623.0;0.131;0.958;95.0;85.0;13.0;10.0;0.0
48;3261;3225;84.0;798.0;564.0;96.0;546.0;0.17;0.968;32.0;75.0;22.0;15.0;0.0
49;1231;1364;59.0;465.0;336.0;87.0;301.0;0.259;0.896;21.0;87.0;28.0;16.0;0.0
50;889;1003;42.0;550.0;460.0;56.0;440.0;0.122;0.957;13.0;75.0;32.0;16.0;0.0
51;223;130;12.0;365.0;130.0;13.0;115.0;0.1;0.885;236.0;886.0;29.0;18.0;0.0
52;332;321;13.0;421.0;183.0;23.0;175.0;0.126;0.956;313.0;889.0;21.0;12.0;0.0
53;2135;2364;54.0;1005.0;786.0;150.0;760.0;0.191;0.967;42.0;66.0;34.0;16.0;0.0
54;3305;4510;168.0;1543.0;864.0;166.0;800.0;0.192;0.926;156.0;78.0;31.0;10.0;0.0
55;4462;5312;113.0;665.0;512.0;87.0;495.0;0.17;0.967;28.0;99.0;38.0;9.0;0.0
56;5554;4231;85.0;980.0;602.0;84.0;560.0;0.14;0.93;16.0;16.0;25.0;11.0;0.0
57;654;461;49.0;1520.0;1231.0;186.0;941.0;0.151;0.764;12.0;19.0;18.0;15.0;0.0
58;1546;1243;88.0;645.0;547.0;62.0;431.0;0.113;0.788;35.0;11.0;26.0;14.0;0.0
59;1143;987;65.0;1546.0;786.0;112.0;653.0;0.142;0.831;34.0;14.0;21.0;13.0;0.0
60;463;465;36.0;1502.0;623.0;68.0;581.0;0.109;0.933;292.0;14.0;14.0;10.0;0.0
61;561;482;32.0;1645.0;658.0;66.0;599.0;0.1;0.91;223.0;12.0;13.0;11.0;0.0
62;1325;1123;45.0;1895.0;633.0;89.0;593.0;0.141;0.937;23.0;16.0;32.0;7.0;0.0
63;254;195;24.0;956.0;764.0;105.0;690.0;0.137;0.903;33.0;15.0;42.0;17.0;0.0
64;336;226;22.0;869.0;321.0;43.0;300.0;0.134;0.935;54.0;159.0;43.0;18.0;0.0
65;4563;3261;59.0;1235.0;1200.0;86.0;900.0;0.072;0.75;55.0;18.0;46.0;19.0;0.0
66;1500;1643;45.0;1356.0;546.0;56.0;536.0;0.103;0.982;468.0;9.0;44.0;13.0;0.0
67;1623;1123;79.0;1130.0;697.0;78.0;580.0;0.112;0.832;33.0;7.0;29.0;16.0;0.0
68;1395;1234;66.0;1392.0;632.0;73.0;600.0;0.116;0.949;36.0;11.0;22.0;9.0;0.0
69;923;726;23.0;1396.0;586.0;43.0;570.0;0.073;0.973;346.0;9.0;35.0;14.0;0.0
70;1203;1132;32.0;1143.0;623.0;43.0;610.0;0.069;0.979;28.0;123.0;36.0;15.0;0.0
71;664;632;56.0;1236.0;756.0;56.0;710.0;0.074;0.939;531.0;13.0;38.0;11.0;0.0
72;536;633;51.0;1632.0;846.0;59.0;800.0;0.07;0.946;61.0;7.0;41.0;10.0;0.0
73;1300;1423;76.0;1752.0;541.0;63.0;521.0;0.116;0.963;55.0;132.0;31.0;8.0;0.0
74;751;921;56.0;1364.0;663.0;66.0;883.0;0.1;1.332;41.0;86.0;45.0;18.0;0.0
75;668;1354;39.0;1463.0;786.0;84.0;751.0;0.107;0.955;38.0;187.0;46.0;13.0;0.0
76;1330;2513;54.0;846.0;656.0;76.0;610.0;0.116;0.93;36.0;12.0;34.0;19.0;0.0
77;789;954;74.0;946.0;746.0;43.0;701.0;0.058;0.94;28.0;15.0;37.0;13.0;0.0
78;331;456;26.0;786.0;689.0;58.0;652.0;0.084;0.946;456.0;16.0;38.0;18.0;0.0
79;456;586;46.0;843.0;695.0;38.0;653.0;0.055;0.94;54.0;95.0;27.0;17.0;0.0
80;745;568;48.0;694.0;497.0;39.0;485.0;0.078;0.976;38.0;86.0;38.0;10.0;0.0
81;1234;2146;39.0;846.0;486.0;28.0;470.0;0.058;0.967;33.0;98.0;34.0;6.0;0.0
82;1843;2543;77.0;1431.0;840.0;53.0;752.0;0.063;0.895;52.0;96.0;26.0;5.0;0.0
83;1543;2438;67.0;1321.0;742.0;42.0;684.0;0.057;0.922;34.0;95.0;32.0;13.0;0.0
84;1324;2164;57.0;1124.0;646.0;39.0;587.0;0.06;0.909;45.0;85.0;29.0;9.0;0.0
85;792;594;59.0;1315.0;759.0;41.0;598.0;0.054;0.788;38.0;89.0;39.0;18.0;0.0
86;864;601;71.0;1413.0;854.0;48.0;761.0;0.056;0.891;36.0;94.0;43.0;16.0;0.0
87;954;524;69.0;1312.0;921.0;52.0;841.0;0.056;0.913;27.0;83.0;41.0;12.0;0.0
88;915;2042;74.0;1049.0;741.0;27.0;661.0;0.036;0.892;19.0;73.0;12.0;4.0;0.0
89;892;1469;54.0;1160.0;648.0;26.0;564.0;0.04;0.87;56.0;76.0;17.0;10.0;0.0
90;1132;1328;68.0;943.0;923.0;23.0;843.0;0.025;0.913;58.0;81.0;31.0;19.0;0.0
91;1245;1542;89.0;962.0;925.0;51.0;846.0;0.055;0.915;65.0;86.0;36.0;17.0;0.0
92;1169;1432;81.0;849.0;929.0;61.0;851.0;0.066;0.916;64.0;74.0;49.0;5.0;0.0
93;1236;1321;73.0;1032.0;498.0;63.0;404.0;0.127;0.811;72.0;98.0;48.0;6.0;0.0
94;1289;1214;56.0;1021.0;484.0;73.0;399.0;0.151;0.824;43.0;79.0;39.0;8.0;0.0
95;919;1239;52.0;1026.0;659.0;43.0;574.0;0.065;0.871;32.0;88.0;18.0;14.0;0.0
96;1019;693;43.0;837.0;743.0;41.0;651.0;0.055;0.876;59.0;93.0;19.0;11.0;0.0
97;1021;961;68.0;1129.0;793.0;59.0;710.0;0.074;0.895;69.0;97.0;11.0;9.0;0.0
98;971;2049;38.0;1034.0;894.0;79.0;812.0;0.088;0.908;49.0;87.0;25.0;12.0;0.0
99;977;2324;54.0;1023.0;991.0;68.0;911.0;0.069;0.919;56.0;88.0;15.0;7.0;0.0
100;1029;1694;64.0;1079.0;994.0;29.0;913.0;0.029;0.919;43.0;96.0;42.0;18.0;0.0
101;1021;1789;57.0;1129.0;998.0;72.0;924.0;0.072;0.926;26.0;97.0;33.0;17.0;0.0
102;1432;1876;75.0;1364.0;769.0;69.0;703.0;0.09;0.914;46.0;88.0;37.0;13.0;0.0
103;1176;1234;34.0;1669.0;894.0;65.0;877.0;0.073;0.981;36.0;123.0;23.0;16.0;0.0
104;1236;1546;88.0;1682.0;1124.0;77.0;1022.0;0.069;0.909;66.0;12.0;35.0;18.0;0.0
105;2364;1332;74.0;1533.0;1222.0;56.0;1200.0;0.046;0.982;33.0;18.0;41.0;19.0;0.0
106;961;1236;56.0;1462.0;1234.0;58.0;910.0;0.047;0.737;432.0;15.0;39.0;17.0;0.0
107;541;663;54.0;1100.0;953.0;65.0;923.0;0.068;0.969;34.0;16.0;34.0;18.0;0.0
108;744;841;46.0;1200.0;846.0;65.0;800.0;0.077;0.946;36.0;144.0;36.0;17.0;0.0
109;465;665;21.0;721.0;364.0;32.0;321.0;0.088;0.882;22.0;15.0;32.0;21.0;0.0
110;321;412;22.0;754.0;846.0;35.0;301.0;0.041;0.356;24.0;13.0;26.0;13.0;0.0
111;891;1156;89.0;763.0;961.0;81.0;754.0;0.084;0.785;126.0;11.0;40.0;24.0;0.0
112;794;1031;76.0;1123.0;743.0;36.0;732.0;0.048;0.985;21.0;99.0;35.0;25.0;0.0
113;864;1041;53.0;1159.0;731.0;34.0;720.0;0.047;0.985;19.0;12.0;45.0;15.0;0.0
114;1489;1051;31.0;1011.0;756.0;58.0;721.0;0.077;0.954;22.0;78.0;25.0;9.0;0.0
115;1568;1249;39.0;1016.0;742.0;59.0;734.0;0.08;0.989;33.0;86.0;66.0;8.0;0.0
116;1768;1159;58.0;981.0;954.0;51.0;916.0;0.053;0.96;56.0;84.0;86.0;3.0;0.0
117;659;781;43.0;731.0;951.0;63.0;659.0;0.066;0.693;11.0;13.0;76.0;20.0;0.0
118;459;794;47.0;736.0;1121.0;69.0;661.0;0.062;0.59;15.0;14.0;33.0;19.0;0.0
119;789;846;49.0;931.0;1021.0;71.0;900.0;0.07;0.881;25.0;121.0;15.0;14.0;0.0
120;1476;1324;29.0;1143.0;1011.0;76.0;991.0;0.075;0.98;35.0;125.0;95.0;13.0;0.0
121;1984;1569;79.0;1261.0;1009.0;81.0;996.0;0.08;0.987;55.0;114.0;85.0;23.0;0.0
122;1324;732;86.0;1140.0;1008.0;89.0;894.0;0.088;0.887;133.0;17.0;75.0;10.0;0.0
123;796;891;69.0;1104.0;1003.0;83.0;893.0;0.083;0.89;159.0;106.0;55.0;11.0;0.0
124;846;863;19.0;849.0;1113.0;49.0;812.0;0.044;0.73;65.0;73.0;65.0;17.0;0.0
125;961;983;81.0;796.0;912.0;47.0;781.0;0.052;0.856;144.0;91.0;51.0;19.0;0.0
126;919;2106;27.0;1021.0;917.0;39.0;887.0;0.043;0.967;125.0;122.0;31.0;26.0;0.0
127;1109;2119;37.0;945.0;925.0;33.0;911.0;0.036;0.985;111.0;105.0;41.0;21.0;0.0
128;1119;969;71.0;941.0;915.0;51.0;893.0;0.056;0.976;13.0;102.0;81.0;15.0;0.0
129;1786;1054;67.0;1423.0;1097.0;21.0;999.0;0.019;0.911;27.0;79.0;21.0;26.0;0.0
130;851;1061;49.0;1421.0;1091.0;53.0;976.0;0.049;0.895;331.0;97.0;43.0;21.0;0.0
131;651;1051;33.0;1148.0;926.0;83.0;914.0;0.09;0.987;221.0;99.0;33.0;11.0;0.0
132;1651;995;122.0;1230.0;893.0;47.0;887.0;0.053;0.993;177.0;88.0;93.0;21.0;0.0
133;1743;971;29.0;1103.0;1100.0;73.0;1069.0;0.066;0.972;129.0;83.0;83.0;14.0;0.0
134;1736;2007;78.0;1109.0;1009.0;28.0;979.0;0.028;0.97;35.0;77.0;76.0;16.0;0.0
135;916;2108;26.0;773.0;706.0;64.0;694.0;0.091;0.983;69.0;124.0;56.0;9.0;0.0
136;935;1147;24.0;775.0;707.0;53.0;681.0;0.075;0.963;118.0;123.0;46.0;7.0;0.0
137;653;1124;81.0;677.0;712.0;81.0;644.0;0.114;0.904;229.0;121.0;96.0;5.0;0.0
138;1523;1051;75.0;699.0;901.0;91.0;661.0;0.101;0.734;226.0;122.0;41.0;10.0;0.0
139;1464;877;61.0;688.0;906.0;21.0;644.0;0.023;0.711;356.0;102.0;21.0;23.0;0.0
140;1321;871;48.0;781.0;806.0;54.0;771.0;0.067;0.957;67.0;109.0;28.0;17.0;0.0
141;845;868;41.0;981.0;709.0;34.0;697.0;0.048;0.983;36.0;108.0;27.0;25.0;0.0
142;945;2100;39.0;991.0;708.0;89.0;688.0;0.126;0.972;49.0;107.0;57.0;14.0;0.0
143;1654;1981;25.0;1324.0;727.0;87.0;703.0;0.12;0.967;473.0;106.0;47.0;12.0;0.0
144;1459;1743;65.0;1365.0;827.0;77.0;804.0;0.093;0.972;216.0;69.0;37.0;8.0;0.0
145;1651;1624;85.0;1369.0;927.0;71.0;901.0;0.077;0.972;28.0;68.0;88.0;6.0;0.0
146;1793;1549;63.0;598.0;947.0;86.0;597.0;0.091;0.63;19.0;85.0;77.0;13.0;0.0
147;1543;659;43.0;1125.0;847.0;66.0;813.0;0.078;0.96;93.0;84.0;99.0;19.0;0.0
148;873;658;53.0;1743.0;893.0;65.0;866.0;0.073;0.97;113.0;81.0;66.0;27.0;0.0
149;977;988;67.0;477.0;793.0;61.0;773.0;0.077;0.975;243.0;93.0;33.0;18.0;0.0
150;1652;954;84.0;597.0;904.0;59.0;876.0;0.065;0.969;381.0;98.0;44.0;29.0;0.0
151;1102;931;91.0;771.0;1021.0;31.0;884.0;0.03;0.866;245.0;102.0;96.0;24.0;0.0
152;1021;859;93.0;1145.0;1156.0;41.0;991.0;0.035;0.857;263.0;112.0;81.0;11.0;0.0
153;1066;836;81.0;1513.0;1211.0;49.0;1109.0;0.04;0.916;289.0;116.0;38.0;7.0;0.0
154;1054;1136;37.0;1718.0;1693.0;51.0;1114.0;0.03;0.658;381.0;94.0;49.0;15.0;0.0
155;498;1129;29.0;919.0;781.0;55.0;751.0;0.07;0.962;116.0;91.0;55.0;28.0;0.0
156;1369;1294;28.0;961.0;749.0;45.0;743.0;0.06;0.992;12.0;89.0;58.0;10.0;0.0
157;1321;1398;36.0;932.0;658.0;65.0;619.0;0.099;0.941;31.0;88.0;64.0;8.0;0.0
158;1391;1367;48.0;1164.0;1029.0;85.0;998.0;0.083;0.97;43.0;78.0;59.0;23.0;0.0
159;1296;2006;47.0;1321.0;1151.0;95.0;1014.0;0.083;0.881;45.0;96.0;69.0;20.0;0.0
160;599;2096;59.0;2221.0;2149.0;33.0;2001.0;0.015;0.931;91.0;106.0;94.0;25.0;0.0
161;922;771;91.0;944.0;657.0;23.0;614.0;0.035;0.935;81.0;111.0;91.0;14.0;0.0
162;843;779;92.0;1315.0;891.0;83.0;818.0;0.093;0.918;114.0;123.0;81.0;13.0;0.0
163;831;993;98.0;1914.0;843.0;73.0;831.0;0.087;0.986;159.0;114.0;71.0;17.0;0.0
164;1651;1036;96.0;1615.0;869.0;48.0;821.0;0.055;0.945;179.0;119.0;79.0;19.0;0.0
165;1633;1059;65.0;1123.0;821.0;58.0;817.0;0.071;0.995;184.0;118.0;64.0;9.0;0.0
166;1421;1064;64.0;1159.0;1169.0;88.0;1041.0;0.075;0.891;412.0;128.0;63.0;7.0;0.0
167;1141;1158;66.0;1415.0;1143.0;78.0;1031.0;0.068;0.902;422.0;125.0;61.0;6.0;0.0
168;1001;1269;63.0;1567.0;1329.0;79.0;1121.0;0.059;0.843;361.0;77.0;54.0;12.0;0.0
169;919;1238;33.0;1691.0;1381.0;97.0;1317.0;0.07;0.954;315.0;104.0;45.0;26.0;0.0
170;741;789;25.0;1914.0;1354.0;94.0;1329.0;0.069;0.982;312.0;108.0;46.0;27.0;0.0
171;633;981;22.0;1744.0;1362.0;46.0;1211.0;0.034;0.889;15.0;107.0;39.0;21.0;0.0
172;688;856;37.0;944.0;712.0;36.0;693.0;0.051;0.973;65.0;105.0;31.0;24.0;0.0
173;676;1317;47.0;913.0;816.0;33.0;801.0;0.04;0.982;39.0;115.0;33.0;29.0;0.0
174;1196;1357;87.0;927.0;914.0;25.0;903.0;0.027;0.988;58.0;123.0;51.0;11.0;0.0
175;1174;1452;81.0;1017.0;913.0;45.0;881.0;0.049;0.965;67.0;124.0;56.0;16.0;0.0
176;1431;1444;61.0;1419.0;1412.0;35.0;1311.0;0.025;0.928;191.0;11.0;74.0;13.0;0.0
177;1425;1324;41.0;1916.0;1467.0;54.0;1314.0;0.037;0.896;291.0;101.0;71.0;14.0;0.0
178;1658;994;51.0;1813.0;1436.0;34.0;1401.0;0.024;0.976;351.0;87.0;91.0;28.0;0.0
179;1135;944;31.0;2109.0;1581.0;24.0;1481.0;0.015;0.937;349.0;88.0;88.0;12.0;0.0
180;1026;844;77.0;1931.0;1612.0;64.0;1512.0;0.04;0.938;359.0;99.0;84.0;9.0;0.0
181;1329;744;99.0;1943.0;1712.0;71.0;1683.0;0.041;0.983;334.0;92.0;66.0;8.0;0.0
182;591;1145;93.0;443.0;399.0;61.0;382.0;0.153;0.957;411.0;98.0;51.0;11.0;0.0
183;991;1187;71.0;544.0;535.0;51.0;524.0;0.095;0.979;141.0;87.0;23.0;21.0;0.0
184;848;1582;67.0;599.0;544.0;31.0;533.0;0.057;0.98;155.0;99.0;33.0;23.0;0.0
185;783;1161;57.0;671.0;455.0;49.0;423.0;0.108;0.93;15.0;102.0;49.0;24.0;0.0
186;1311;1254;86.0;478.0;498.0;47.0;446.0;0.094;0.896;166.0;106.0;81.0;29.0;0.0
187;1901;1158;84.0;771.0;1123.0;37.0;1006.0;0.033;0.896;171.0;105.0;71.0;28.0;0.0
188;1245;814;54.0;1197.0;1199.0;27.0;1100.0;0.023;0.917;433.0;108.0;61.0;17.0;0.0
189;1211;911;27.0;1167.0;1181.0;57.0;1036.0;0.048;0.877;411.0;109.0;58.0;18.0;0.0
190;1231;719;77.0;1155.0;1236.0;98.0;1046.0;0.079;0.846;412.0;106.0;44.0;16.0;0.0
191;891;1121;57.0;1177.0;1781.0;58.0;1188.0;0.033;0.667;413.0;112.0;34.0;14.0;0.0
192;1121;1494;37.0;1319.0;1655.0;64.0;1277.0;0.039;0.772;418.0;97.0;54.0;13.0;0.0
193;1911;1394;67.0;1416.0;1444.0;61.0;1344.0;0.042;0.931;419.0;88.0;64.0;12.0;0.0
194;2101;1277;48.0;1466.0;1344.0;31.0;1311.0;0.023;0.975;426.0;68.0;84.0;10.0;0.0
195;1713;1377;44.0;1966.0;1433.0;81.0;1413.0;0.057;0.986;121.0;78.0;94.0;9.0;0.0
197;1613;1287;54.0;1978.0;1366.0;77.0;1357.0;0.056;0.993;196.0;79.0;74.0;8.0;0.0
198;1694;1188;34.0;1811.0;1397.0;59.0;1388.0;0.042;0.994;188.0;73.0;14.0;6.0;0.0
199;1513;1198;24.0;711.0;693.0;69.0;654.0;0.1;0.944;29.0;74.0;24.0;26.0;0.0
200;744;911;45.0;811.0;775.0;63.0;712.0;0.081;0.919;26.0;122.0;88.0;24.0;0.0
201;582;652;24.0;852.0;652.0;25.0;642.0;0.038;0.985;199.0;119.0;99.0;21.0;0.0
202;652;785;55.0;985.0;786.0;42.0;765.0;0.053;0.973;211.0;122.0;52.0;18.0;0.0
203;1222;1235;56.0;1325.0;1524.0;45.0;1324.0;0.03;0.869;231.0;147.0;54.0;14.0;0.0
204;852;963;57.0;862.0;975.0;46.0;945.0;0.047;0.969;321.0;147.0;57.0;15.0;0.0
205;745;856;58.0;754.0;765.0;48.0;742.0;0.063;0.97;258.0;541.0;56.0;16.0;0.0
206;564;654;59.0;625.0;652.0;49.0;685.0;0.075;1.051;658.0;654.0;55.0;16.0;0.0
207;652;752;60.0;852.0;678.0;47.0;785.0;0.069;1.158;852.0;752.0;54.0;17.0;0.0
208;456;545;61.0;546.0;565.0;46.0;786.0;0.081;1.391;962.0;852.0;56.0;18.0;0.0
209;654;754;61.0;785.0;564.0;48.0;561.0;0.085;0.995;632.0;258.0;54.0;19.0;0.0
210;785;852;62.0;795.0;852.0;49.0;752.0;0.058;0.883;542.0;852.0;55.0;9.0;0.0
211;564;654;41.0;741.0;582.0;41.0;502.0;0.07;0.863;963.0;258.0;56.0;10.0;0.0
212;639;658;42.0;674.0;610.0;42.0;625.0;0.069;1.025;582.0;369.0;57.0;8.0;0.0
213;963;1012;45.0;987.0;956.0;42.0;895.0;0.044;0.936;632.0;525.0;55.0;9.0;0.0
214;975;1122;46.0;996.0;945.0;43.0;896.0;0.046;0.948;785.0;582.0;56.0;7.0;0.0
215;896;875;36.0;900.0;852.0;45.0;845.0;0.053;0.992;452.0;586.0;55.0;8.0;0.0
216;785;795;37.0;805.0;750.0;44.0;750.0;0.059;1.0;789.0;854.0;54.0;6.0;0.0
217;856;865;38.0;880.0;840.0;45.0;841.0;0.054;1.001;865.0;541.0;45.0;6.0;0.0
218;892;921;39.0;925.0;852.0;46.0;900.0;0.054;1.056;255.0;852.0;46.0;4.0;0.0
219;952;1023;40.0;965.0;940.0;36.0;945.0;0.038;1.005;632.0;585.0;45.0;15.0;0.0
220;1112;1211;36.0;1125.0;999.0;25.0;978.0;0.025;0.979;987.0;654.0;37.0;16.0;0.0
221;1211;1321;65.0;1225.0;1150.0;26.0;1099.0;0.023;0.956;256.0;215.0;32.0;14.0;0.0
222;1215;1235;75.0;1225.0;1198.0;24.0;1152.0;0.02;0.962;369.0;147.0;38.0;15.0;0.0
223;1256;1260;69.0;1302.0;1196.0;27.0;1156.0;0.023;0.967;258.0;741.0;37.0;16.0;0.0
224;1325;1452;48.0;1450.0;1296.0;28.0;1256.0;0.022;0.969;236.0;745.0;35.0;14.0;0.0
225;1489;1500;31.0;1398.0;1325.0;29.0;1395.0;0.022;1.053;325.0;852.0;36.0;15.0;0.0
226;652;752;28.0;640.0;559.0;25.0;540.0;0.045;0.966;256.0;236.0;35.0;16.0;0.0
227;785;852;36.0;750.0;685.0;28.0;650.0;0.041;0.949;321.0;654.0;25.0;17.0;0.0
228;852;785;25.0;760.0;690.0;29.0;660.0;0.042;0.957;654.0;123.0;23.0;18.0;0.0
229;987;654;25.0;856.0;789.0;30.0;741.0;0.038;0.939;852.0;963.0;25.0;19.0;0.0
230;1012;998;26.0;963.0;987.0;21.0;852.0;0.021;0.863;654.0;395.0;26.0;18.0;0.0
231;1102;1025;27.0;996.0;985.0;45.0;978.0;0.046;0.993;741.0;756.0;25.0;8.0;0.0
232;1421;1325;36.0;1232.0;1254.0;46.0;1125.0;0.037;0.897;852.0;741.0;26.0;9.0;0.0
233;1325;1232;38.0;1123.0;1025.0;45.0;996.0;0.044;0.972;879.0;965.0;27.0;11.0;0.0
234;1235;1125;36.0;1210.0;1198.0;45.0;999.0;0.038;0.834;789.0;258.0;28.0;12.0;0.0
235;1369;1299;48.0;1190.0;1095.0;16.0;985.0;0.015;0.9;147.0;258.0;26.0;13.0;0.0
236;1245;1235;26.0;1158.0;1082.0;21.0;952.0;0.019;0.88;369.0;265.0;28.0;16.0;0.0
237;1125;1098;56.0;1110.0;995.0;29.0;985.0;0.029;0.99;456.0;369.0;30.0;15.0;0.0
238;852;785;21.0;845.0;835.0;36.0;802.0;0.043;0.96;369.0;654.0;25.0;16.0;0.0
239;1025;962;45.0;845.0;865.0;25.0;836.0;0.029;0.966;456.0;654.0;25.0;18.0;0.0
240;895;885;46.0;876.0;856.0;23.0;846.0;0.027;0.988;632.0;546.0;24.0;19.0;0.0
241;1335;1255;65.0;1198.0;1089.0;54.0;1078.0;0.05;0.99;125.0;321.0;36.0;18.0;0.0
242;784;754;24.0;743.0;654.0;56.0;640.0;0.086;0.979;258.0;256.0;34.0;19.0;0.0
243;890;880;56.0;864.0;850.0;54.0;780.0;0.064;0.918;265.0;235.0;54.0;20.0;0.0
244;995;985;52.0;950.0;940.0;25.0;850.0;0.027;0.904;854.0;875.0;25.0;15.0;0.0
245;1032;962;25.0;940.0;890.0;23.0;750.0;0.026;0.843;564.0;852.0;56.0;16.0;0.0
246;851;925;56.0;910.0;850.0;24.0;810.0;0.028;0.953;789.0;896.0;52.0;14.0;0.0
247;1456;1489;45.0;1465.0;1430.0;48.0;1320.0;0.034;0.923;564.0;236.0;58.0;16.0;0.0
248;1430;1340;16.0;1440.0;1420.0;60.0;1320.0;0.042;0.93;258.0;336.0;60.0;17.0;0.0
249;1500;1490;25.0;1520.0;1450.0;56.0;1440.0;0.039;0.993;325.0;456.0;45.0;18.0;0.0
250;1330;1220;48.0;1350.0;1250.0;85.0;1230.0;0.068;0.984;963.0;875.0;46.0;18.0;0.0
251;1236;1190;54.0;1250.0;1240.0;58.0;1238.0;0.047;0.998;895.0;693.0;46.0;17.0;0.0
252;950;940;53.0;960.0;956.0;11.0;954.0;0.012;0.998;258.0;369.0;43.0;14.0;0.0
253;1150;1130;56.0;1170.0;1158.0;13.0;1153.0;0.011;0.996;321.0;456.0;48.0;17.0;0.0
254;1054;1051;58.0;1060.0;1056.0;15.0;1048.0;0.014;0.992;485.0;785.0;38.0;18.0;0.0
255;852;845;45.0;870.0;860.0;16.0;855.0;0.019;0.994;357.0;452.0;23.0;16.0;0.0
256;963;954;46.0;980.0;970.0;18.0;956.0;0.019;0.986;486.0;62.0;24.0;15.0;0.0
257;975;964;34.0;1000.0;980.0;20.0;979.0;0.02;0.999;246.0;624.0;26.0;14.0;0.0
258;556;612;33.0;656.0;640.0;21.0;633.0;0.033;0.989;456.0;148.0;24.0;16.0;0.0
259;650;640;35.0;670.0;650.0;22.0;644.0;0.034;0.991;369.0;546.0;25.0;17.0;0.0
260;1458;1440;36.0;1480.0;1475.0;23.0;1469.0;0.016;0.996;157.0;269.0;26.0;18.0;0.0
261;1369;1330;37.0;1420.0;1390.0;25.0;1379.0;0.018;0.992;659.0;748.0;27.0;19.0;0.0
262;1379;1369;39.0;1430.0;1399.0;26.0;1380.0;0.019;0.986;265.0;325.0;28.0;20.0;0.0
263;1156;1140;40.0;1201.0;1200.0;27.0;1199.0;0.022;0.999;147.0;258.0;29.0;10.0;0.0
264;1087;1060;41.0;1101.0;1088.0;28.0;1077.0;0.026;0.99;369.0;256.0;30.0;11.0;0.0
265;1254;1233;42.0;1302.0;1260.0;29.0;1240.0;0.023;0.984;154.0;126.0;40.0;12.0;0.0
266;1178;1120;43.0;1292.0;1190.0;30.0;1180.0;0.025;0.992;265.0;215.0;41.0;13.0;0.0
267;1180;1150;44.0;1205.0;1195.0;31.0;1185.0;0.026;0.992;458.0;965.0;42.0;14.0;0.0
268;1232;1198;45.0;1254.0;1220.0;32.0;1210.0;0.026;0.992;417.0;564.0;43.0;15.0;0.0
269;1245;1220;46.0;1260.0;1180.0;33.0;1178.0;0.028;0.998;265.0;365.0;44.0;16.0;0.0
270;1265;1245;47.0;1270.0;1190.0;34.0;1178.0;0.029;0.99;956.0;895.0;45.0;17.0;0.0
271;1045;1032;48.0;1102.0;1105.0;35.0;1100.0;0.032;0.995;258.0;369.0;46.0;18.0;0.0
272;1456;1410;49.0;1469.0;1390.0;36.0;1350.0;0.026;0.971;325.0;452.0;47.0;19.0;0.0
273;1250;1247;50.0;1302.0;1156.0;37.0;1140.0;0.032;0.986;789.0;456.0;48.0;20.0;0.0
274;958;900;20.0;1010.0;950.0;38.0;940.0;0.04;0.989;965.0;123.0;49.0;1.0;0.0
275;999;950;21.0;1100.0;1000.0;39.0;998.0;0.039;0.998;369.0;258.0;50.0;2.0;0.0
276;854;840;22.0;910.0;900.0;40.0;860.0;0.044;0.956;265.0;418.0;30.0;3.0;0.0
277;905;880;23.0;930.0;950.0;41.0;939.0;0.043;0.988;958.0;589.0;31.0;4.0;0.0
278;1021;998;24.0;1102.0;1150.0;42.0;1140.0;0.037;0.991;258.0;963.0;32.0;5.0;0.0
279;1253;1110;25.0;1300.0;1105.0;43.0;1098.0;0.039;0.994;852.0;956.0;33.0;1.0;0.0
280;1456;1236;26.0;1500.0;1210.0;44.0;1206.0;0.036;0.997;789.0;456.0;34.0;2.0;0.0
281;1502;1485;27.0;1550.0;1450.0;45.0;1440.0;0.031;0.993;854.0;654.0;35.0;3.0;0.0
282;1490;1470;28.0;1550.0;1440.0;46.0;1430.0;0.032;0.993;478.0;369.0;36.0;4.0;0.0
283;1230;1235;29.0;1356.0;1260.0;47.0;1250.0;0.037;0.992;236.0;235.0;37.0;5.0;0.0
284;789;770;30.0;800.0;760.0;48.0;740.0;0.063;0.974;125.0;215.0;39.0;2.0;0.0
285;852;800;31.0;900.0;780.0;50.0;750.0;0.064;0.962;147.0;214.0;40.0;1.0;0.0
286;765;740;32.0;850.0;802.0;20.0;799.0;0.025;0.996;236.0;456.0;41.0;3.0;0.0
287;856;810;33.0;900.0;789.0;31.0;779.0;0.039;0.987;245.0;246.0;12.0;4.0;0.0
288;1235;1200;34.0;1200.0;1250.0;21.0;1520.0;0.017;1.216;236.0;256.0;13.0;5.0;0.0
289;1456;1430;35.0;1230.0;1330.0;32.0;1310.0;0.024;0.985;745.0;258.0;14.0;1.0;0.0
290;1110;1080;36.0;1602.0;1250.0;33.0;1240.0;0.026;0.992;741.0;2564.0;12.0;18.0;0.0
291;1230;1202;37.0;1203.0;1205.0;34.0;1198.0;0.028;0.994;564.0;245.0;13.0;19.0;0.0
292;1150;1050;38.0;1245.0;1044.0;35.0;1035.0;0.034;0.991;326.0;125.0;14.0;20.0;0.0
293;1520;1025;40.0;1256.0;1025.0;36.0;1023.0;0.035;0.998;236.0;147.0;15.0;18.0;0.0
294;1562;1452;41.0;1365.0;1402.0;35.0;1325.0;0.025;0.945;145.0;321.0;16.0;16.0;0.0
295;1560;1450;17.0;1396.0;1440.0;36.0;1460.0;0.025;1.014;123.0;456.0;17.0;17.0;0.0
296;1230;1201;18.0;1102.0;1099.0;37.0;1088.0;0.034;0.99;236.0;456.0;18.0;15.0;0.0
297;1256;1235;19.0;1189.0;1026.0;38.0;1058.0;0.037;1.031;254.0;456.0;19.0;16.0;0.0
298;1325;1299;20.0;1250.0;1102.0;39.0;1025.0;0.035;0.93;145.0;125.0;20.0;17.0;0.0
299;1440;1320;25.0;1300.0;1290.0;40.0;1109.0;0.031;0.86;236.0;123.0;25.0;14.0;0.0
300;1465;1420;26.0;1298.0;1289.0;25.0;1200.0;0.019;0.931;125.0;456.0;26.0;15.0;0.0
301;1582;1652;52.0;1489.0;1450.0;58.0;1440.0;0.04;0.993;455.0;789.0;30.0;16.0;0.0
302;1600;1670;56.0;1450.0;1430.0;38.0;1398.0;0.027;0.978;258.0;369.0;31.0;17.0;0.0
303;1854;1985;58.0;1489.0;1450.0;45.0;1420.0;0.031;0.979;235.0;456.0;33.0;18.0;0.0
304;1320;1450;54.0;1492.0;1436.0;46.0;1410.0;0.032;0.982;456.0;258.0;35.0;19.0;0.0
305;1850;1950;56.0;1480.0;1450.0;46.0;1420.0;0.032;0.979;145.0;458.0;36.0;20.0;0.0
306;1456;1506;54.0;1365.0;1340.0;36.0;1330.0;0.027;0.993;487.0;985.0;37.0;11.0;0.0
307;1564;1600;55.0;1450.0;1400.0;37.0;1398.0;0.026;0.999;963.0;458.0;38.0;12.0;0.0
308;1465;1490;56.0;1390.0;1350.0;38.0;1330.0;0.028;0.985;852.0;547.0;39.0;14.0;0.0
309;1470;1500;57.0;1450.0;1400.0;39.0;1390.0;0.028;0.993;365.0;458.0;40.0;15.0;0.0
310;1500;1600;25.0;1485.0;1441.0;40.0;1420.0;0.028;0.985;254.0;256.0;41.0;16.0;0.0
311;1587;1590;26.0;1456.0;1435.0;41.0;1422.0;0.029;0.991;251.0;253.0;42.0;17.0;0.0
312;1545;1550;28.0;1350.0;1330.0;42.0;1320.0;0.032;0.992;412.0;214.0;43.0;18.0;0.0
313;1620;1752;29.0;1400.0;1399.0;43.0;1380.0;0.031;0.986;278.0;365.0;44.0;19.0;0.0
314;1750;1850;30.0;1500.0;1498.0;45.0;1501.0;0.03;1.002;265.0;256.0;45.0;20.0;0.0
315;1980;1990;31.0;1450.0;1420.0;46.0;1410.0;0.032;0.993;241.0;789.0;46.0;19.0;0.0
316;1250;1350;32.0;1480.0;1450.0;47.0;1430.0;0.032;0.986;458.0;654.0;47.0;20.0;0.0
317;1789;1897;33.0;1350.0;1330.0;48.0;1420.0;0.036;1.068;457.0;124.0;48.0;15.0;0.0
318;1850;1840;34.0;1480.0;1450.0;49.0;1410.0;0.034;0.972;458.0;123.0;49.0;16.0;0.0
319;1750;1824;35.0;1450.0;1425.0;50.0;1380.0;0.035;0.968;546.0;542.0;45.0;14.0;0.0
320;1652;1550;36.0;1430.0;1420.0;37.0;1410.0;0.026;0.993;789.0;987.0;46.0;12.0;0.0
321;1580;1650;37.0;1480.0;1450.0;38.0;1440.0;0.026;0.993;456.0;564.0;47.0;13.0;0.0
322;1850;1950;38.0;1450.0;1400.0;39.0;1390.0;0.028;0.993;145.0;156.0;48.0;14.0;0.0
323;1950;1900;39.0;1400.0;1398.0;45.0;1365.0;0.032;0.976;456.0;654.0;49.0;15.0;0.0
324;1220;1350;45.0;1250.0;1450.0;46.0;1421.0;0.032;0.98;214.0;236.0;50.0;16.0;0.0
325;1780;1850;46.0;1564.0;1520.0;47.0;1498.0;0.031;0.986;654.0;546.0;41.0;17.0;0.0
326;1850;1800;47.0;1489.0;1472.0;48.0;1460.0;0.033;0.992;546.0;465.0;42.0;18.0;0.0
327;1950;1900;48.0;1460.0;1450.0;49.0;1440.0;0.034;0.993;541.0;457.0;43.0;19.0;0.0
329;1520;1565;46.0;1430.0;1420.0;36.0;1410.0;0.025;0.993;256.0;325.0;46.0;14.0;0.0
330;1650;1750;47.0;1450.0;1420.0;37.0;1410.0;0.026;0.993;325.0;215.0;47.0;10.0;0.0
331;1850;1950;48.0;1425.0;1410.0;38.0;1390.0;0.027;0.986;789.0;987.0;48.0;11.0;0.0
332;1452;1542;49.0;1365.0;1340.0;39.0;1330.0;0.029;0.993;875.0;575.0;49.0;12.0;0.0
333;1564;1654;38.0;1450.0;1400.0;54.0;1390.0;0.039;0.993;254.0;546.0;25.0;13.0;0.0
334;1254;1350;39.0;1460.0;1400.0;56.0;1380.0;0.04;0.986;245.0;254.0;26.0;14.0;0.0
335;1354;1556;40.0;1396.0;1350.0;57.0;1340.0;0.042;0.993;654.0;546.0;27.0;15.0;0.0
336;1698;1769;41.0;1450.0;1436.0;40.0;1420.0;0.028;0.989;548.0;854.0;28.0;16.0;0.0
337;1769;1850;42.0;1365.0;1350.0;41.0;1340.0;0.03;0.993;365.0;325.0;30.0;18.0;0.0
338;1850;1958;43.0;1378.0;1352.0;42.0;1345.0;0.031;0.995;256.0;652.0;31.0;19.0;0.0
339;1654;1765;44.0;1458.0;1440.0;43.0;1435.0;0.03;0.997;698.0;985.0;32.0;20.0;0.0
340;1582;1685;45.0;1460.0;1408.0;45.0;1398.0;0.032;0.993;214.0;415.0;33.0;11.0;0.0
341;1235;1350;46.0;1425.0;1410.0;46.0;1369.0;0.033;0.971;265.0;698.0;34.0;12.0;0.0
342;1365;1470;47.0;1436.0;1420.0;47.0;1398.0;0.033;0.985;654.0;256.0;21.0;3.0;0.0
343;1450;1550;48.0;1469.0;1450.0;48.0;1440.0;0.033;0.993;456.0;258.0;22.0;14.0;0.0
344;1526;1630;66.0;785.0;452.0;26.0;430.0;0.058;0.951;23.0;8.0;25.0;12.0;0.0
345;30;1234;54.0;456.0;200.0;35.0;195.0;0.175;0.975;54.0;7.0;24.0;12.0;0.0
346;1050;1080;55.0;489.0;203.0;35.0;165.0;0.172;0.813;52.0;9.0;35.0;13.0;0.0
347;1565;1589;65.0;568.0;460.0;26.0;420.0;0.057;0.913;53.0;8.0;36.0;15.0;0.0
348;1235;1564;25.0;859.0;456.0;36.0;423.0;0.079;0.928;42.0;9.0;24.0;14.0;0.0
349;1236;1325;36.0;678.0;356.0;34.0;350.0;0.096;0.983;35.0;96.0;24.0;9.0;0.0
350;1232;1652;45.0;598.0;256.0;26.0;243.0;0.102;0.949;52.0;89.0;45.0;8.0;0.0
351;1451;1654;56.0;657.0;356.0;35.0;321.0;0.098;0.902;42.0;89.0;46.0;16.0;0.0
352;1654;1789;65.0;859.0;456.0;34.0;426.0;0.075;0.934;53.0;74.0;41.0;15.0;0.0
353;1245;1654;32.0;654.0;321.0;36.0;310.0;0.112;0.966;51.0;85.0;35.0;14.0;0.0
354;1124;1235;52.0;587.0;356.0;45.0;324.0;0.126;0.91;42.0;96.0;38.0;12.0;0.0
355;1965;1654;63.0;526.0;321.0;25.0;311.0;0.078;0.969;55.0;75.0;39.0;13.0;0.0
356;1547;1987;41.0;1354.0;750.0;35.0;659.0;0.047;0.879;51.0;86.0;34.0;12.0;0.0
357;1895;1999;52.0;1456.0;700.0;26.0;680.0;0.037;0.971;42.0;95.0;37.0;8.0;0.0
358;1365;1456;63.0;542.0;256.0;33.0;235.0;0.129;0.918;41.0;74.0;28.0;9.0;0.0
359;1269;1356;56.0;1453.0;652.0;36.0;620.0;0.055;0.951;43.0;102.0;26.0;7.0;0.0
360;1248;1564;54.0;987.0;456.0;35.0;432.0;0.077;0.947;52.0;132.0;37.0;15.0;0.0
361;1569;1695;54.0;568.0;253.0;32.0;241.0;0.126;0.953;63.0;125.0;28.0;12.0;0.0
362;1854;1965;63.0;596.0;256.0;31.0;236.0;0.121;0.922;42.0;165.0;54.0;13.0;0.0
363;1654;1987;56.0;587.0;289.0;45.0;269.0;0.156;0.931;53.0;145.0;53.0;14.0;0.0
364;1235;1356;45.0;458.0;246.0;42.0;231.0;0.171;0.939;62.0;198.0;53.0;13.0;0.0
365;1654;1856;69.0;769.0;350.0;35.0;342.0;0.1;0.977;54.0;136.0;56.0;12.0;0.0
366;1223;1355;25.0;958.0;850.0;32.0;750.0;0.038;0.882;52.0;105.0;58.0;11.0;0.0
367;1451;1555;36.0;698.0;564.0;31.0;520.0;0.055;0.922;65.0;132.0;32.0;10.0;0.0
368;1754;1654;31.0;879.0;423.0;33.0;398.0;0.078;0.941;63.0;165.0;21.0;10.0;0.0
369;1695;1672;25.0;568.0;350.0;45.0;326.0;0.129;0.931;54.0;124.0;22.0;12.0;0.0
370;1253;1286;65.0;569.0;321.0;42.0;311.0;0.131;0.969;61.0;135.0;16.0;15.0;0.0
371;1896;1995;45.0;845.0;423.0;44.0;421.0;0.104;0.995;54.0;126.0;24.0;14.0;0.0
372;1456;1566;15.0;687.0;325.0;41.0;312.0;0.126;0.96;43.0;102.0;25.0;28.0;0.0
373;1985;1999;16.0;869.0;423.0;46.0;410.0;0.109;0.969;32.0;103.0;33.0;9.0;0.0
374;1554;1666;24.0;589.0;234.0;47.0;210.0;0.201;0.897;54.0;156.0;44.0;7.0;0.0
375;1665;1689;53.0;987.0;456.0;42.0;321.0;0.092;0.704;56.0;145.0;42.0;5.0;0.0
376;1478;1563;65.0;689.0;254.0;43.0;210.0;0.169;0.827;54.0;198.0;41.0;12.0;0.0
377;1998;1999;34.0;1058.0;500.0;45.0;459.0;0.09;0.918;42.0;175.0;56.0;9.0;0.0
378;1887;1987;38.0;1069.0;524.0;38.0;501.0;0.073;0.956;34.0;165.0;32.0;11.0;0.0
379;1888;1965;39.0;1289.0;621.0;34.0;623.0;0.055;1.003;42.0;123.0;60.0;13.0;0.0
380;1997;1998;34.0;1356.0;1000.0;49.0;900.0;0.049;0.9;42.0;102.0;72.0;12.0;0.0
381;1632;1765;54.0;1254.0;625.0;48.0;562.0;0.077;0.899;52.0;106.0;45.0;14.0;1.0
382;1322;1456;65.0;1325.0;623.0;45.0;614.0;0.072;0.986;53.0;125.0;65.0;12.0;0.0
383;1622;1744;18.0;1364.0;623.0;46.0;600.0;0.074;0.963;51.0;156.0;24.0;12.0;0.0
384;1489;1564;78.0;985.0;425.0;42.0;859.0;0.099;2.021;43.0;153.0;27.0;13.0;0.0
385;1654;1546;49.0;968.0;450.0;43.0;963.0;0.096;2.14;62.0;145.0;54.0;11.0;0.0
386;1596;1645;50.0;974.0;453.0;35.0;965.0;0.077;2.13;52.0;169.0;54.0;10.0;0.0
387;1365;1456;45.0;1045.0;521.0;36.0;501.0;0.069;0.962;42.0;102.0;35.0;14.0;0.0
388;1895;1965;45.0;1065.0;532.0;38.0;523.0;0.071;0.983;52.0;124.0;65.0;9.0;0.0
389;1489;1545;68.0;1235.0;563.0;39.0;523.0;0.069;0.929;53.0;165.0;24.0;8.0;0.0
390;1459;1658;59.0;1345.0;623.0;34.0;620.0;0.055;0.995;51.0;145.0;35.0;12.0;0.0
391;1896;1965;57.0;1265.0;523.0;37.0;511.0;0.071;0.977;456.0;125.0;26.0;10.0;0.0
392;1654;1987;24.0;1333.0;623.0;45.0;599.0;0.072;0.961;524.0;123.0;57.0;12.0;0.0
393;1225;1356;65.0;1345.0;452.0;49.0;444.0;0.108;0.982;634.0;103.0;48.0;11.0;0.0
394;1965;1984;14.0;1023.0;654.0;46.0;632.0;0.07;0.966;512.0;165.0;46.0;13.0;0.0
395;1658;1689;43.0;1002.0;354.0;47.0;326.0;0.133;0.921;534.0;123.0;57.0;14.0;0.0
396;1655;1688;52.0;1032.0;652.0;36.0;623.0;0.055;0.956;534.0;145.0;68.0;14.0;0.0
397;1965;1968;62.0;1065.0;625.0;39.0;600.0;0.062;0.96;514.0;165.0;25.0;12.0;0.0
398;1356;1456;85.0;1003.0;456.0;38.0;423.0;0.083;0.928;531.0;126.0;69.0;10.0;0.0
399;1998;1999;64.0;1269.0;563.0;38.0;542.0;0.067;0.963;621.0;123.0;54.0;11.0;0.0
400;1452;1564;54.0;1365.0;546.0;39.0;526.0;0.071;0.963;423.0;156.0;35.0;9.0;0.0
401;1654;1489;25.0;1456.0;500.0;54.0;480.0;0.108;0.96;0.0;186.0;24.0;7.0;0.0
402;1325;1564;36.0;1324.0;456.0;36.0;423.0;0.079;0.928;52.0;11.0;26.0;15.0;0.0
403;1665;1664;31.0;1236.0;623.0;45.0;600.0;0.072;0.963;53.0;15.0;40.0;12.0;0.0
404;1165;1965;25.0;1254.0;562.0;47.0;523.0;0.084;0.931;42.0;12.0;10.0;13.0;0.0
405;1694;987;65.0;1125.0;564.0;42.0;541.0;0.074;0.959;35.0;13.0;15.0;14.0;0.0
406;1325;1265;45.0;1224.0;589.0;43.0;596.0;0.073;1.012;52.0;12.0;54.0;13.0;0.0
407;1986;5;15.0;1663.0;564.0;45.0;521.0;0.08;0.924;42.0;12.0;55.0;12.0;0.0
408;1345;1965;16.0;1552.0;546.0;38.0;521.0;0.07;0.954;53.0;96.0;15.0;11.0;0.0
409;1965;1655;24.0;1203.0;622.0;34.0;610.0;0.055;0.981;51.0;89.0;23.0;10.0;0.0
410;1547;1456;53.0;1032.0;523.0;49.0;510.0;0.094;0.975;42.0;89.0;58.0;10.0;0.0
411;1432;1235;65.0;1056.0;450.0;48.0;421.0;0.107;0.936;55.0;74.0;23.0;12.0;0.0
412;1965;1896;34.0;1012.0;564.0;45.0;542.0;0.08;0.961;51.0;85.0;13.0;15.0;0.0
413;1235;1241;38.0;1011.0;562.0;46.0;521.0;0.082;0.927;42.0;96.0;16.0;14.0;0.0
414;966;1021;55.0;1102.0;456.0;42.0;412.0;0.092;0.904;41.0;75.0;35.0;11.0;0.0
415;985;1203;48.0;1032.0;498.0;43.0;450.0;0.086;0.904;43.0;86.0;13.0;12.0;0.0
416;1569;1423;65.0;1002.0;456.0;35.0;421.0;0.077;0.923;52.0;95.0;32.0;13.0;0.0
417;856;785;25.0;1230.0;658.0;36.0;564.0;0.055;0.857;63.0;74.0;15.0;16.0;0.0
418;1456;1356;36.0;1012.0;754.0;38.0;658.0;0.05;0.873;42.0;102.0;18.0;15.0;0.0
419;1689;1985;45.0;1045.0;654.0;39.0;623.0;0.06;0.953;53.0;132.0;19.0;16.0;0.0
420;1357;1456;56.0;1025.0;623.0;34.0;601.0;0.055;0.965;62.0;125.0;25.0;18.0;0.0
421;1774;1894;65.0;1014.0;632.0;37.0;635.0;0.059;1.005;54.0;165.0;23.0;19.0;0.0
422;1655;1956;32.0;1000.0;653.0;45.0;621.0;0.069;0.951;478.0;145.0;29.0;18.0;0.0
423;956;1001;52.0;985.0;568.0;54.0;521.0;0.095;0.917;236.0;198.0;26.0;19.0;0.0
424;965;1021;63.0;968.0;594.0;56.0;563.0;0.094;0.948;125.0;136.0;42.0;20.0;0.0
425;856;956;41.0;952.0;748.0;57.0;654.0;0.076;0.874;147.0;105.0;45.0;15.0;0.0
426;745;854;52.0;974.0;759.0;40.0;772.0;0.053;1.017;236.0;132.0;41.0;16.0;0.0
427;1165;1123;63.0;963.0;748.0;41.0;732.0;0.055;0.979;245.0;165.0;42.0;14.0;0.0
428;1669;1456;56.0;952.0;765.0;42.0;741.0;0.055;0.969;236.0;124.0;43.0;16.0;0.0
429;1564;1654;54.0;985.0;749.0;43.0;723.0;0.057;0.965;745.0;135.0;45.0;17.0;0.0
430;1694;1785;65.0;964.0;725.0;45.0;714.0;0.062;0.985;741.0;126.0;46.0;18.0;0.0
431;1598;1256;55.0;974.0;746.0;46.0;721.0;0.062;0.966;564.0;102.0;47.0;18.0;0.0
432;1499;1564;57.0;942.0;712.0;47.0;701.0;0.066;0.985;326.0;103.0;48.0;12.0;0.0
433;1325;1456;59.0;1022.0;759.0;48.0;752.0;0.063;0.991;236.0;156.0;49.0;4.0;0.0
434;1664;1564;87.0;1033.0;625.0;26.0;632.0;0.042;1.011;145.0;145.0;42.0;10.0;0.0
435;1694;1565;56.0;1044.0;546.0;35.0;521.0;0.064;0.954;123.0;198.0;45.0;19.0;0.0
436;1994;1896;58.0;1002.0;530.0;35.0;512.0;0.066;0.966;236.0;175.0;46.0;17.0;0.0
437;1695;1689;59.0;1003.0;524.0;26.0;501.0;0.05;0.956;254.0;165.0;43.0;5.0;0.0
438;1321;1456;57.0;1020.0;522.0;36.0;511.0;0.069;0.979;145.0;123.0;48.0;6.0;0.0
439;1231;1564;24.0;1302.0;533.0;34.0;510.0;0.064;0.957;236.0;102.0;42.0;8.0;0.0
440;956;895;65.0;1456.0;511.0;26.0;501.0;0.051;0.98;125.0;106.0;49.0;14.0;0.0
441;865;789;14.0;984.0;564.0;35.0;523.0;0.062;0.927;455.0;125.0;48.0;11.0;0.0
442;789;740;43.0;855.0;598.0;34.0;587.0;0.057;0.982;564.0;156.0;46.0;9.0;0.0
443;1023;965;52.0;1235.0;765.0;45.0;741.0;0.059;0.969;326.0;153.0;45.0;12.0;0.0
444;1045;985;62.0;987.0;420.0;25.0;410.0;0.06;0.976;236.0;145.0;42.0;7.0;0.0
445;1002;997;85.0;964.0;465.0;45.0;451.0;0.097;0.97;145.0;169.0;46.0;18.0;0.0
446;1402;1520;64.0;963.0;435.0;46.0;421.0;0.106;0.968;123.0;102.0;42.0;17.0;0.0
447;1032;1324;54.0;1221.0;495.0;35.0;425.0;0.071;0.859;236.0;124.0;41.0;13.0;0.0
448;1506;1654;69.0;1012.0;512.0;65.0;510.0;0.127;0.996;254.0;165.0;41.0;16.0;0.0
449;1056;1245;58.0;1032.0;466.0;59.0;421.0;0.127;0.903;546.0;154.0;46.0;18.0;0.0
450;897;1023;45.0;985.0;654.0;54.0;524.0;0.083;0.801;856.0;121.0;48.0;19.0;0.0
451;951;927;57.0;1132.0;512.0;42.0;502.0;0.082;0.98;567.0;134.0;47.0;17.0;0.0
452;1236;1056;65.0;1225.0;624.0;49.0;614.0;0.079;0.984;447.0;132.0;46.0;18.0;0.0
453;1145;1032;53.0;989.0;562.0;46.0;532.0;0.082;0.947;333.0;126.0;39.0;17.0;0.0
454;1098;999;52.0;1011.0;567.0;46.0;546.0;0.081;0.963;462.0;131.0;38.0;14.0;0.0
455;1120;1020;62.0;1022.0;561.0;48.0;532.0;0.086;0.948;444.0;136.0;37.0;15.0;0.0
456;1263;1210;67.0;1113.0;624.0;56.0;569.0;0.09;0.912;512.0;122.0;42.0;17.0;0.0
457;1296;1103;61.0;1033.0;612.0;52.0;594.0;0.085;0.971;495.0;157.0;46.0;15.0;0.0
458;1032;925;67.0;1098.0;601.0;49.0;586.0;0.082;0.975;523.0;149.0;39.0;16.0;0.0
459;1325;1265;62.0;1156.0;625.0;50.0;617.0;0.08;0.987;511.0;139.0;41.0;14.0;0.0
460;1483;1362;68.0;1265.0;612.0;54.0;591.0;0.088;0.966;459.0;136.0;40.0;16.0;0.0
461;1267;1132;60.0;1132.0;502.0;51.0;490.0;0.102;0.976;265.0;122.0;46.0;13.0;0.0
462;1102;1032;53.0;1069.0;546.0;54.0;531.0;0.099;0.973;412.0;121.0;39.0;16.0;0.0
463;1162;1109;57.0;1062.0;548.0;55.0;521.0;0.1;0.951;489.0;129.0;41.0;12.0;0.0
464;1159;1103;68.0;1156.0;625.0;61.0;611.0;0.098;0.978;478.0;126.0;42.0;17.0;1.0
465;1148;1129;62.0;1189.0;612.0;59.0;598.0;0.096;0.977;512.0;123.0;46.0;13.0;0.0
466;1326;1265;61.0;1023.0;604.0;57.0;578.0;0.094;0.957;456.0;112.0;43.0;16.0;0.0
467;1489;1325;69.0;956.0;562.0;53.0;546.0;0.094;0.972;492.0;126.0;40.0;13.0;1.0
468;1245;1189;56.0;946.0;549.0;51.0;512.0;0.093;0.933;397.0;138.0;39.0;17.0;0.0
469;1362;1168;59.0;980.0;602.0;61.0;546.0;0.101;0.907;392.0;143.0;45.0;15.0;0.0
470;1169;983;53.0;1325.0;621.0;60.0;609.0;0.097;0.981;368.0;141.0;46.0;14.0;0.0
471;1095;985;53.0;989.0;546.0;56.0;522.0;0.103;0.956;532.0;139.0;49.0;13.0;0.0
472;1078;943;51.0;1166.0;576.0;58.0;549.0;0.101;0.953;486.0;147.0;43.0;17.0;0.0
473;1165;1023;57.0;1032.0;549.0;53.0;531.0;0.097;0.967;496.0;132.0;41.0;15.0;0.0
474;1298;1163;61.0;1062.0;553.0;53.0;541.0;0.096;0.978;485.0;119.0;39.0;18.0;0.0
475;1497;1230;64.0;1069.0;556.0;55.0;536.0;0.099;0.964;523.0;142.0;38.0;16.0;0.0
476;1388;1263;64.0;1154.0;572.0;57.0;549.0;0.1;0.96;514.0;136.0;39.0;18.0;0.0
477;1394;1153;58.0;1259.0;624.0;62.0;601.0;0.099;0.963;511.0;135.0;41.0;16.0;1.0
478;1257;1198;59.0;1562.0;681.0;68.0;627.0;0.1;0.921;498.0;122.0;39.0;17.0;1.0
479;1159;1030;51.0;1263.0;562.0;53.0;548.0;0.094;0.975;485.0;124.0;37.0;13.0;1.0
480;1490;1392;67.0;1659.0;652.0;67.0;612.0;0.103;0.939;426.0;165.0;38.0;14.0;0.0
481;1023;981;54.0;1689.0;642.0;66.0;602.0;0.103;0.938;452.0;126.0;36.0;15.0;0.0
482;1483;1265;59.0;1562.0;562.0;56.0;546.0;0.1;0.972;462.0;119.0;41.0;14.0;0.0
483;1462;1132;58.0;1435.0;543.0;55.0;512.0;0.101;0.943;512.0;998.0;40.0;16.0;0.0
484;1325;1277;67.0;1421.0;621.0;61.0;602.0;0.098;0.969;487.0;863.0;36.0;13.0;0.0
485;1233;1119;61.0;1132.0;501.0;51.0;498.0;0.102;0.994;463.0;164.0;39.0;17.0;0.0
486;1212;1189;60.0;1026.0;562.0;55.0;536.0;0.098;0.954;453.0;162.0;39.0;14.0;0.0
487;1453;1367;66.0;1624.0;620.0;62.0;589.0;0.1;0.95;483.0;152.0;42.0;15.0;0.0
488;1322;1277;64.0;1555.0;562.0;56.0;536.0;0.1;0.954;479.0;139.0;43.0;13.0;0.0
489;1263;1199;59.0;1325.0;578.0;57.0;542.0;0.099;0.938;398.0;132.0;39.0;12.0;0.0
490;1298;1207;61.0;1624.0;594.0;58.0;579.0;0.098;0.975;387.0;126.0;41.0;15.0;0.0
491;1486;1365;63.0;1487.0;599.0;59.0;581.0;0.098;0.97;512.0;145.0;45.0;17.0;0.0
492;1499;1322;66.0;1114.0;517.0;51.0;489.0;0.099;0.946;517.0;132.0;43.0;16.0;0.0
493;1369;1267;61.0;1452.0;562.0;54.0;526.0;0.096;0.936;503.0;128.0;46.0;15.0;0.0
494;1398;1244;62.0;1624.0;623.0;61.0;583.0;0.098;0.936;426.0;97.0;39.0;13.0;0.0
495;1444;1344;64.0;1462.0;596.0;59.0;548.0;0.099;0.919;447.0;83.0;35.0;17.0;0.0
496;1326;1241;60.0;1120.0;543.0;154.0;524.0;0.284;0.965;364.0;111.0;36.0;14.0;1.0
497;1251;1207;59.0;1432.0;598.0;58.0;569.0;0.097;0.952;46.0;94.0;39.0;16.0;1.0
498;1473;1399;65.0;1106.0;524.0;54.0;509.0;0.103;0.971;571.0;91.0;38.0;15.0;1.0
499;1407;1231;59.0;1153.0;503.0;250.0;487.0;0.497;0.968;523.0;96.0;40.0;16.0;0.0
500;1430;1400;66.0;1543.0;624.0;61.0;583.0;0.098;0.934;543.0;12.0;42.0;14.0;0.0
501;54;62;759.0;952.0;2295.0;265.0;2095.0;0.115;0.913;562.0;2297.0;43.0;28.0;1.0
502;56;1;562.0;785.0;2220.0;132.0;2213.0;0.059;0.997;563.0;4265.0;34.0;24.0;0.0
503;54;3;598.0;748.0;1122.0;1005.0;1122.0;0.896;1.0;564.0;4796.0;35.0;26.0;1.0
504;34;73;563.0;796.0;2001.0;1765.0;1988.0;0.882;0.994;569.0;4831.0;47.0;21.0;1.0
505;23;49;684.0;1263.0;1846.0;1623.0;1832.0;0.879;0.992;568.0;4821.0;45.0;24.0;1.0
506;47;5;692.0;2540.0;3742.0;2956.0;3654.0;0.79;0.976;625.0;4712.0;34.0;29.0;1.0
507;22;53;635.0;2202.0;3303.0;2694.0;3299.0;0.816;0.999;635.0;5.0;37.0;27.0;1.0
508;33;2;789.0;2002.0;3001.0;2463.0;2997.0;0.821;0.999;624.0;5.0;49.0;26.0;0.0
509;44;1;982.0;2001.0;3456.0;1984.0;3441.0;0.574;0.996;699.0;22.0;47.0;20.0;1.0
510;56;83;629.0;2001.0;3216.0;2034.0;3102.0;0.632;0.965;684.0;489.0;39.0;30.0;1.0
511;57;85;784.0;798.0;2102.0;1874.0;2100.0;0.892;0.999;614.0;458.0;38.0;29.0;1.0
512;9;85;792.0;849.0;2203.0;1654.0;2199.0;0.751;0.998;958.0;362.0;30.0;30.0;0.0
513;10;94;777.0;895.0;2310.0;1987.0;2286.0;0.86;0.99;987.0;2789.0;50.0;21.0;0.0
514;12;4;999.0;1563.0;2445.0;1866.0;2441.0;0.763;0.998;948.0;289.0;40.0;22.0;1.0
515;11;129;888.0;1489.0;2326.0;1684.0;2321.0;0.724;0.998;954.0;261.0;46.0;24.0;1.0
516;13;35;992.0;1230.0;2001.0;1452.0;1990.0;0.726;0.995;962.0;423.0;43.0;30.0;1.0
517;43;36;603.0;1260.0;2223.0;1552.0;2220.0;0.698;0.999;952.0;487.0;45.0;22.0;1.0
518;31;85;651.0;1790.0;2745.0;1996.0;2740.0;0.727;0.998;684.0;462.0;46.0;23.0;1.0
519;99;9;532.0;1840.0;2864.0;1864.0;2862.0;0.651;0.999;567.0;425.0;43.0;28.0;1.0
520;78;8;521.0;984.0;2210.0;1684.0;2200.0;0.762;0.995;648.0;4657.0;34.0;27.0;1.0
521;76;7;546.0;956.0;2100.0;1423.0;2095.0;0.678;0.998;789.0;4871.0;33.0;29.0;0.0
522;65;72;584.0;975.0;2113.0;1489.0;2100.0;0.705;0.994;789.0;1187.0;44.0;26.0;1.0
523;85;72;596.0;985.0;2361.0;1876.0;2351.0;0.795;0.996;854.0;118.0;34.0;21.0;1.0
524;84;74;578.0;1562.0;2996.0;1994.0;2990.0;0.666;0.998;958.0;1987.0;35.0;22.0;1.0
525;83;85;521.0;1489.0;2456.0;1659.0;2450.0;0.675;0.998;911.0;1843.0;36.0;25.0;1.0
526;32;49;564.0;2190.0;3004.0;1846.0;3001.0;0.615;0.999;811.0;1462.0;37.0;22.0;1.0
527;31;5;574.0;2015.0;2995.0;1974.0;2110.0;0.659;0.705;611.0;14.0;38.0;26.0;1.0
528;30;98;532.0;2036.0;3002.0;1882.0;3001.0;0.627;1.0;711.0;19.0;39.0;22.0;1.0
529;40;99;598.0;2098.0;3016.0;1964.0;3002.0;0.651;0.995;659.0;17.0;30.0;28.0;1.0
530;50;75;584.0;2156.0;3123.0;1995.0;3100.0;0.639;0.993;852.0;16.0;40.0;27.0;1.0
531;60;75;782.0;2451.0;3645.0;2216.0;3640.0;0.608;0.999;854.0;221.0;50.0;26.0;1.0
532;65;64;795.0;2500.0;3556.0;2256.0;3410.0;0.634;0.959;856.0;357.0;49.0;30.0;1.0
533;75;84;784.0;2487.0;3512.0;2200.0;3510.0;0.626;0.999;953.0;687.0;50.0;26.0;1.0
534;9;93;842.0;2315.0;3621.0;2310.0;3620.0;0.638;1.0;981.0;268.0;48.0;21.0;1.0
535;10;4;846.0;1987.0;3337.0;2102.0;3330.0;0.63;0.998;853.0;245.0;47.0;24.0;1.0
536;12;43;892.0;863.0;1956.0;1450.0;1950.0;0.741;0.997;88.0;377.0;46.0;29.0;1.0
537;13;65;841.0;1487.0;2659.0;1846.0;2650.0;0.694;0.997;99.0;388.0;44.0;28.0;1.0
538;41;74;862.0;1985.0;2885.0;1946.0;2880.0;0.675;0.998;77.0;399.0;43.0;24.0;1.0
539;51;3;871.0;1879.0;2756.0;1997.0;2750.0;0.725;0.998;66.0;145.0;42.0;26.0;1.0
540;99;85;832.0;1569.0;2556.0;1625.0;2550.0;0.636;0.998;55.0;177.0;41.0;25.0;1.0
541;88;89;954.0;1486.0;2463.0;1554.0;2460.0;0.631;0.999;96.0;188.0;32.0;31.0;1.0
542;63;42;975.0;1256.0;2316.0;1469.0;2312.0;0.634;0.998;663.0;199.0;32.0;30.0;1.0
543;72;32;762.0;999.0;2113.0;1321.0;2099.0;0.625;0.993;665.0;463.0;33.0;22.0;1.0
544;39;27;743.0;985.0;2345.0;1466.0;2339.0;0.625;0.997;1.0;472.0;44.0;29.0;1.0
545;38;28;782.0;845.0;1645.0;1320.0;1639.0;0.802;0.996;1.0;425.0;34.0;27.0;1.0
546;45;29;741.0;763.0;1664.0;1360.0;1655.0;0.817;0.995;1.0;456.0;44.0;21.0;1.0
547;48;33;965.0;1298.0;1987.0;1456.0;1982.0;0.733;0.997;1.0;491.0;46.0;22.0;1.0
548;45;44;987.0;2000.0;3038.0;2030.0;3030.0;0.668;0.997;102.0;492.0;45.0;29.0;1.0
549;43;55;1156.0;2489.0;3346.0;2410.0;3345.0;0.72;1.0;103.0;49.0;46.0;25.0;1.0
550;23;67;1489.0;2132.0;3126.0;2130.0;3120.0;0.681;0.998;92.0;48.0;47.0;22.0;1.0
551;22;56;1263.0;2569.0;3896.0;2543.0;3891.0;0.653;0.999;93.0;47.0;48.0;24.0;1.0
